firstname, lastname, gender
Clark, Lytton,  1
Chase, Tomasini,  1
Jamar, Stickland,  1
Albert, Sarkis,  1
Dannie, Geter,  1
Bobbie, Mccloud,  1
Paul, Grable,  1
Dee, Chagoya,  1
Raphael, Vacca,  1
Anderson, Hensler,  1
Bob, Highland,  1
Malcom, Hermosillo,  1
Erwin, Breen,  1
Corey, Huitt,  1
Kenton, Stansbury,  1
Rory, Patchell,  1
Brandon, Hagopian,  1
Scotty, Steller,  1
Dylan, Maffei,  1
Steve, Veith,  1
Benedict, Garlitz,  1
Joey, Labarre,  1
Rickey, Hoskins,  1
Harris, Cozart,  1
Frankie, Gilliland,  1
Graham, Sallis,  1
Claude, Canino,  1
Tracy, Solt,  1
Hal, Pascarella,  1
Ambrose, Villanova,  1
Isiah, Leith,  1
Alexander, Nagel,  1
Leopoldo, Fenley,  1
Billie, Southerland,  1
Michal, Koury,  1
Otha, Doverspike,  1
Jarred, Damon,  1
Neville, Monson,  1
Buddy, Bumgarner,  1
Luke, Mixer,  1
Antoine, Depalma,  1
Reinaldo, Roehrig,  1
Alphonse, Bisignano,  1
Gaylord, Roessler,  1
Buford, Hennemann,  1
Santo, Ruiz,  1
Brooks, Eder,  1
Archie, Batson,  1
Brant, Zertuche,  1
Leonard, Abdulla,  1
Carmon, Howard,  0
Alba, Junkin,  0
Justa, Urbanski,  0
Earline, Chun,  0
Evelynn, Bookout,  0
Babette, Angstadt,  0
Shelley, Presswood,  0
Keena, Figg,  0
Rasheeda, Corp,  0
Clarice, Kindel,  0
Alla, Suitt,  0
Rosamond, Lowery,  0
Claudie, Streicher,  0
Regina, Sheffler,  0
Lucille, Sipes,  0
Elwanda, Bruch,  0
Loree, Hosking,  0
Gricelda, Fruge,  0
Twana, Denning,  0
Sacha, Wilbert,  0
Marni, Pentecost,  0
Mellisa, Hellums,  0
Telma, Griese,  0
Jacquelyne, Cloutier,  0
Tereasa, Keck,  0
Latoyia, Heslin,  0
Geri, Bonnell,  0
Robbi, Bova,  0
Francie, Gilbreath,  0
Bulah, Colyer,  0
Reda, Threadgill,  0
Chanel, Jaillet,  0
Cyndy, Stell,  0
Toi, Hanel,  0
Adella, Hinckley,  0
Natosha, Legree,  0
Genia, Whitely,  0
Sylvie, Dietrick,  0
Naomi, Linwood,  0
Etha, Hutcheson,  0
Maryetta, Eshleman,  0
Karole, Schult,  0
Jada, Iwamoto,  0
Patsy, Pelayo,  0
Deann, Efaw,  0
Thu, Tynan,  0
Kittie, Putnam,  0
Griselda, Sak,  0
Yvette, Einhorn,  0
Lynetta, Albers,  0
